{"cameraMode":{"drawMode":0,"name":"Shaded","section":"Shading Mode"},"sceneLighting":false,"audioPlay":false,"sceneViewState":{"showFog":true,"showMaterialUpdate":false,"showSkybox":true,"showFlares":true,"showImageEffects":true,"showParticleSystems":true},"in2DMode":false,"pivot":{"x":-0.8282089233398438,"y":-0.09262990951538086,"z":-89.41133880615235},"rotation":{"x":0.10172627866268158,"y":-0.11445298790931702,"z":0.011956445872783661,"w":0.9881342649459839},"size":46.5970573425293,"orthographic":true}