{"cameraMode":{"drawMode":0,"name":"Shaded","section":"Shading Mode"},"sceneLighting":true,"audioPlay":false,"sceneViewState":{"showFog":true,"showMaterialUpdate":true,"showSkybox":true,"showFlares":true,"showImageEffects":true,"showParticleSystems":true},"in2DMode":false,"pivot":{"x":144.841064453125,"y":80.60977172851563,"z":-600.8829345703125},"rotation":{"x":0.04174742475152016,"y":-0.37203121185302737,"z":-0.016752080991864206,"w":-0.9271296262741089},"size":195.15908813476563,"orthographic":false}