{"cameraMode":{"drawMode":0,"name":"Shaded","section":"Shading Mode"},"sceneLighting":true,"audioPlay":false,"sceneViewState":{"showFog":true,"showMaterialUpdate":false,"showSkybox":true,"showFlares":true,"showImageEffects":true,"showParticleSystems":true},"in2DMode":false,"pivot":{"x":765.1644897460938,"y":19.656858444213868,"z":0.929350733757019},"rotation":{"x":-0.07867172360420227,"y":0.692033588886261,"z":-0.0762958899140358,"w":-0.7135355472564697},"size":4.455791473388672,"orthographic":false}